Age,Del 18O
-20,-34.7
0,-34.78
20,-34.84
40,-35.16
60,-35.18
80,-34.72
100,-35.28
120,-35.28
140,-35.07
160,-34.88
180,-34.98
200,-35.67
220,-35.11
240,-35.23
260,-35.41
280,-34.86
300,-34.86
320,-35.45
340,-34.98
360,-35.08
380,-35.46
400,-34.76
420,-35.19
440,-35.15
460,-35.14
480,-35.24
500,-34.78
520,-35.15
540,-34.53
560,-35.2
580,-34.91
600,-35.43
620,-35.27
640,-35.1
660,-34.98
680,-34.95
700,-34.85
720,-35.17
740,-34.42
760,-35.17
780,-35.27
800,-35.25
820,-34.33
840,-34.7
860,-34.9
880,-34.93
900,-35.12
920,-35.24
940,-34.68
960,-34.27
980,-34.74
1000,-34.54
1020,-34.49
1040,-35.09
1060,-35.06
1080,-35.21
1100,-35.72
1120,-34.76
1140,-35.5
1160,-34.8
1180,-35.23
1200,-34.76
1220,-35.34
1240,-35.03
1260,-35.37
1280,-35.13
1300,-34.96
1320,-34.98
1340,-34.52
1400,-34.65
1420,-34.91
1440,-34.81
1460,-34.79
1480,-34.96
1500,-34.87
1520,-34.24
1540,-34.14
1560,-34.8
1580,-35.01
1600,-34.81
1620,-34.95
1640,-34.63
1660,-34.53
1680,-34.29
1700,-34.91
1720,-35.13
1740,-35.04
1760,-35.02
1780,-35.31
1800,-34.9
1820,-34.84
1840,-34.52
1860,-34.98
1880,-34.4
1900,-34.78
1920,-34.95
1940,-34.66
1960,-34.73
1980,-33.98
2000,-34.83
2020,-34.51
2040,-34.59
2060,-34.1
2080,-34.58
2100,-34.18
2120,-34.73
2140,-35.06
2160,-34.97
2180,-34.69
2200,-34.81
2220,-34.32
2240,-34.68
2260,-35.03
2280,-35.23
2300,-34.56
2320,-34.82
2340,-34.77
2360,-34.47
2380,-34.15
2400,-34.47
2420,-35.02
2440,-34.98
2460,-35.33
2480,-34.42
2500,-35.1
2520,-34.41
2540,-34.7
2560,-34.46
2580,-34.87
2600,-34.63
2620,-35.21
2640,-34.95
2660,-34.89
2680,-35.09
2700,-34.65
2720,-34.13
2740,-34.72
2760,-35.16
2780,-34.94
2800,-34.97
2820,-34.61
2840,-34.66
2860,-34.3
2880,-34.98
2900,-34.78
2920,-34.53
2940,-34.68
2960,-34.67
2980,-35.21
3000,-35.07
3020,-34.89
3040,-35.01
3060,-34.66
3080,-34.36
3100,-34.68
3120,-35.27
3140,-34.4
3160,-34.12
3180,-34.64
3200,-34.76
3220,-34.49
3240,-34.36
3260,-34.65
3280,-34.47
3300,-34.07
3320,-34.34
3340,-34.63
3360,-34.86
3380,-35.21
3400,-35
3420,-35.24
3460,-34.48
3480,-34.87
3500,-34.09
3520,-34.54
3540,-34.69
3560,-35.15
3580,-34.53
3600,-34.29
3620,-34.58
3640,-34.95
3660,-34.01
3680,-35
3700,-34.8
3720,-34.72
3740,-35.19
3760,-34.41
3780,-34.59
3800,-34.7
3820,-35.25
3840,-34.86
3860,-35.12
3880,-35.01
3900,-34.85
3920,-34.84
3940,-35.24
3960,-34.83
3980,-34.78
4000,-34.58
4020,-34.29
4040,-35.24
4060,-34.69
4080,-34.58
4100,-34.88
4120,-34.07
4140,-34.4
4160,-34.95
4180,-34.55
4200,-34.71
4220,-34.7
4240,-34.82
4260,-34.6
4280,-34.43
4300,-34.76
4320,-34.9
4340,-35.25
4360,-35.39
4380,-34.62
4400,-35.15
4420,-34.99
4440,-34.71
4460,-35.02
4480,-35.49
4500,-34.72
4520,-34.47
4540,-35.18
4560,-34.92
4580,-34.49
4600,-35.17
4620,-35.13
4640,-35.24
4660,-36.01
4680,-34.73
4700,-34.6
4720,-34.48
4740,-35.48
4760,-35.07
4780,-35.74
4800,-34.68
4820,-34.68
4840,-35.24
4860,-34.53
4880,-34.21
4900,-34.36
4920,-34.84
4940,-34.22
4960,-34.89
4980,-34.67
5000,-34.73
5020,-34.85
5040,-34.37
5060,-34.52
5080,-35.28
5100,-34.8
5120,-34.34
5140,-34.77
5160,-34.68
5180,-33.93
5200,-34.25
5220,-34.72
5240,-34.8
5260,-34.57
5280,-34.66
5300,-35.38
5320,-34.93
5340,-34.95
5360,-34.78
5380,-35.64
5400,-35.26
5420,-35.11
5440,-34.5
5460,-34.95
5480,-34.68
5500,-34.4
5520,-34.63
5540,-34.52
5560,-34.55
5580,-34.6
5600,-34.49
5620,-34.7
5640,-34.66
5660,-34.72
5680,-34.33
5700,-34.85
5720,-34.42
5740,-35.23
5760,-34.57
5780,-34.86
5800,-34.56
5820,-34.74
5840,-35.39
5860,-34.24
5880,-34.72
5900,-34.27
5920,-35.17
5940,-34.37
5960,-34.52
5980,-34.84
6000,-34.56
6020,-34.47
6040,-35.1
6060,-34.65
6080,-34.76
6100,-35.47
6120,-35.19
6140,-34.54
6160,-34.5
6180,-34.41
6200,-34.61
6220,-34.97
6240,-35.08
6260,-34.88
6280,-35.12
6300,-35.35
6320,-34.42
6340,-34.82
6360,-34.62
6380,-34.85
6400,-34.4
6420,-34.17
6440,-35.15
6460,-34.86
6480,-34.91
6500,-34.36
6520,-35.21
6540,-34.69
6560,-35.37
6580,-35.07
6600,-34.39
6620,-35.04
6640,-34.85
6660,-34.3
6680,-34.95
6700,-34.82
6720,-34.94
6740,-35.14
6760,-34.28
6780,-34.03
6800,-34.19
6820,-34.05
6840,-34.34
6860,-33.87
6880,-34.9
6900,-33.85
6920,-34.22
6940,-34.91
6960,-34.67
6980,-34.4
7000,-34.78
7020,-34.57
7040,-35.24
7060,-35.14
7080,-34.76
7100,-34.99
7120,-34.7
7140,-34.96
7160,-35.04
7180,-34.47
7200,-34.97
7220,-35.13
7240,-35.05
7260,-34.91
7280,-34.94
7300,-34.57
7320,-34.69
7340,-34.33
7360,-34.47
7380,-34.82
7400,-34.37
7420,-34.58
7440,-34.41
7460,-34.54
7480,-34.84
7500,-34.97
7520,-35.38
7540,-34.72
7560,-34.55
7580,-34.4
7600,-34.7
7620,-34.11
7640,-34.91
7660,-34.6
7680,-34.16
7700,-33.94
7720,-34.57
7740,-34.2
7760,-34.55
7780,-34.16
7800,-34.78
7820,-33.42
7840,-34.5
7860,-34.23
7880,-34.39
7900,-34.62
7920,-34.95
7940,-34.24
7960,-34.69
7980,-34.09
8000,-34.64
8020,-34.5
8040,-35.14
8060,-35.34
8080,-34.64
8100,-34.86
8120,-35.19
8140,-35.19
8160,-35.5
8180,-35.58
8200,-36.11
8220,-36.5
8240,-36.19
8260,-35.18
8280,-34.83
8300,-34.52
8320,-34.85
8340,-34.4
8360,-34.81
8380,-34.91
8400,-34.97
8420,-34.95
8440,-34.3
8460,-35.04
8480,-34.31
8500,-35.12
8520,-34.65
8540,-34.92
8560,-34.47
8580,-34.47
8600,-34.84
8620,-34.48
8640,-34.36
8660,-35.12
8680,-34.57
8700,-34.47
8720,-34.89
8740,-34.07
8760,-34.61
8780,-34.51
8800,-34.34
8820,-34.36
8840,-34.86
8860,-34.81
8880,-34.27
8900,-33.91
8920,-34.03
8940,-34.46
8960,-34.74
8980,-34.7
9000,-35.02
9020,-34.79
9040,-34.19
9060,-34.66
9080,-34.47
9100,-34.21
9120,-34.68
9140,-34.79
9160,-35.06
9180,-34.56
9200,-34.62
9220,-35.61
9240,-34.82
9260,-34.61
9280,-35.05
9300,-34.09
9320,-33.97
9340,-34.36
9360,-34.08
9380,-35.13
9400,-34.36
9420,-34.65
9440,-35.71
9460,-34.84
9480,-35.08
9500,-35.47
9520,-34.64
9540,-35.12
9560,-34.6
9580,-34.39
9600,-34.33
9620,-34.49
9640,-34.45
9660,-35.14
9680,-34.36
9700,-34.27
9720,-34.29
9740,-35.23
9760,-34.71
9780,-33.98
9800,-35
9820,-35.3
9840,-35.06
9860,-35.07
9880,-35.06
9900,-33.78
9920,-35.64
9940,-34.51
9960,-35
9980,-34.76
10000,-35.3
10020,-34.41
10040,-34.84
10060,-35.95
10080,-35.55
10100,-35.69
10120,-34.86
10140,-34.59
10160,-35.15
10180,-35.57
10200,-35.46
10220,-35.32
10240,-34.99
10260,-35.7
10280,-35.1
10300,-35.93
10320,-36.09
10340,-36.13
10360,-35.82
10380,-35.89
10400,-35.87
10420,-35
10440,-35.94
10460,-34.95
10480,-35.87
10500,-35.91
10520,-35.66
10540,-35.53
10560,-35.73
10580,-35.92
10600,-35.79
10620,-35.65
10640,-35.79
10660,-36.41
10680,-35.55
10700,-36.21
10720,-36.49
10740,-35.5
10760,-36.21
10780,-35.53
10800,-36.15
10820,-36.1
10840,-36.04
10860,-36.56
10880,-37.13
10900,-36.64
10920,-36.74
10940,-36.57
10960,-36.57
10980,-35.68
11000,-36.5
11020,-36.83
11040,-36.13
11060,-36.62
11080,-36.87
11100,-36.45
11120,-36.56
11140,-37.07
11160,-36.76
11180,-36.27
11200,-35.67
11220,-36.33
11240,-37.21
11260,-36.46
11280,-36.33
11300,-36.77
11320,-36.4
11340,-38.24
11360,-37.59
11380,-37.9
11400,-37.99
11420,-36.54
11440,-36.84
11460,-36.98
11480,-36.2
11500,-36.77
11520,-36.31
11540,-36.3
11560,-36.39
11580,-36.36
11600,-36.04
11620,-38.29
11640,-38.5
11660,-41.01
11680,-39.57
11700,-39.84
11720,-38.16
11740,-39.91
11760,-40.63
11780,-39.34
11800,-39.31
11820,-39.58
11840,-41.23
11860,-40.78
11880,-40.39
11900,-40.01
11920,-39.17
11940,-39.37
11960,-39.18
11980,-40.13
12000,-38.99
12020,-37.73
12040,-38.86
12060,-40.89
12080,-39.81
12100,-40.92
12120,-39.35
12140,-41.03
12160,-38.27
12180,-41.29
12200,-40.07
12220,-40.15
12240,-39.36
12260,-40.56
12280,-40.02
12300,-38.43
12320,-38.98
12340,-41.35
12360,-40.77
12380,-40.46
12400,-38.81
12420,-39.46
12440,-39.77
12460,-41.2
12480,-40.94
12500,-40.63
12520,-39.33
12540,-40.71
12560,-40.93
12580,-39.64
12600,-41.38
12620,-40.61
12640,-41.82
12660,-40.85
12680,-40.64
12700,-40.9
12720,-39.7
12740,-38.83
12760,-39.03
12780,-40.57
12800,-40.21
12820,-39.86
12840,-39.36
12860,-39.63
12880,-39.79
12900,-38.51
12920,-38.27
12940,-38.38
12960,-37.39
12980,-38.78
13000,-38.27
13020,-37.23
13040,-38.79
13060,-38.28
13080,-38.52
13100,-39.28
13120,-40.02
13140,-41.96
13160,-39.25
13180,-38.87
13200,-39.63
13220,-39.38
13240,-39.92
13260,-38.15
13280,-38.72
13300,-37.99
13320,-39.21
13340,-38.14
13360,-37.31
13380,-37.38
13400,-37.8
13420,-37.63
13440,-37.42
13460,-38.91
13480,-37.24
13500,-37.85
13520,-36.9
13540,-37.19
13560,-37.93
13580,-37.04
13600,-37.36
13620,-38.73
13640,-37.84
13660,-37.7
13680,-37.86
13700,-37.79
13720,-37.42
13740,-37.97
13760,-37.35
13780,-37.17
13800,-37.23
13820,-37.46
13840,-37.75
13860,-37.99
13880,-37.45
13900,-38.09
13920,-37.95
13940,-37.48
13960,-37.36
13980,-37.56
14000,-37.89
14020,-40.27
14040,-38.83
14060,-38.79
14080,-39.43
14100,-37.79
14120,-38
14140,-37.12
14160,-37.98
14180,-37.48
14200,-37.14
14220,-37.49
14240,-36.69
14260,-37.25
14280,-36.45
14300,-36.12
14320,-35.26
14340,-36
14360,-36.52
14380,-36.73
14400,-35.7
14420,-35.9
14440,-35.44
14460,-35.85
14480,-35.08
14500,-34.98
14520,-35.31
14540,-35.58
14560,-35.92
14580,-36.18
14600,-36.58
14620,-36.69
14640,-36.5
14660,-38.16
14680,-39.45
14700,-39.89
14720,-39.75
14740,-41.46
14760,-39.54
14780,-38.92
14800,-38.84
14820,-39.76
14840,-40.96
14860,-39.6
14880,-39.15
14900,-38.51
14920,-39.69
14940,-40.55
14960,-39.31
14980,-39.27
15000,-41.1
15020,-39.37
15040,-39.59
15060,-39.27
15080,-36.63
15100,-39.13
15120,-38.33
15140,-38.49
15160,-39
15180,-38.87
15200,-38.77
15220,-40.06
15240,-40.88
15260,-38.75
15280,-38.52
15300,-39.52
15320,-40.69
15340,-40.95
15360,-39.04
15380,-38.62
15400,-39.75
15420,-38.23
15440,-40.12
15460,-41.11
15480,-38.49
15500,-38.67
15520,-40.06
15540,-39.83
15560,-38.48
15580,-39.89
15600,-39.39
15620,-39.72
15640,-41.33
15660,-42.31
15680,-40.76
15700,-41.07
15720,-39.43
15740,-38.61
15760,-38.8
15780,-40.73
15800,-40.66
15820,-42
15840,-41.25
15860,-39.27
15880,-40.85
15900,-41.61
15920,-40.75
15940,-40.77
15960,-41.43
15980,-41.36
16000,-39.01
16020,-40.49
16040,-37.03
16060,-40.13
16080,-40.87
16100,-40.03
16120,-40.44
16140,-40.68
16160,-41.27
16180,-39.81
16200,-38.64
16220,-40.62
16240,-39.59
16260,-40.24
16280,-40.02
16300,-39.59
16320,-40.05
16340,-38.65
16360,-40.39
16380,-40.2
16400,-40.31
16420,-40.53
16440,-38.86
16460,-39.61
16480,-40.21
16500,-41.94
16520,-40.61
16540,-40.92
16560,-41.27
16580,-39.46
16600,-40.8
16620,-39.94
16640,-41.03
16660,-39.9
16680,-41.34
16700,-40.94
16720,-41.56
16740,-41.47
16760,-39.5
16780,-40.82
16800,-39.85
16820,-38.43
16840,-39.76
16860,-39.72
16880,-39.53
16900,-40.74
16920,-40.96
16940,-40.53
16960,-40.35
16980,-41.75
17000,-41.58
17020,-40.66
17040,-40.13
17060,-41.35
17080,-41.35
17100,-40.15
17120,-40.74
17140,-41.51
17160,-40.57
17180,-42.14
17200,-41.06
17220,-40.78
17240,-40.23
17260,-40.45
17280,-39.23
17300,-40.35
17320,-40.28
17340,-40.43
17360,-40.55
17380,-40.33
17400,-39.09
17420,-40.74
17440,-40.08
17460,-40.33
17480,-41.64
17500,-41.31
17520,-39.63
17540,-39.76
17560,-39.83
17580,-40.42
17600,-40.3
17620,-39.94
17640,-39.66
17660,-40
17680,-41.75
17700,-39.34
17720,-40.98
17740,-40.84
17760,-39.98
17780,-40.91
17800,-41.57
17820,-39.98
17840,-41.02
17860,-38.83
17880,-41.3
17900,-39.52
17920,-39.21
17940,-37.96
17960,-40.15
17980,-38.04
18000,-38.37
18020,-39.18
18040,-40.88
18060,-40.01
18080,-39.62
18100,-41.11
18120,-40.82
18140,-39.71
18160,-41.19
18180,-39.76
18200,-39.42
18220,-39.12
18240,-39.13
18260,-39.94
18280,-40.23
18300,-39.56
18320,-40.32
18340,-39.37
18360,-40.09
18380,-39.48
18400,-38.34
18420,-40.39
18440,-39.9
18460,-41.23
18480,-38.92
18500,-40.02
18520,-39.15
18540,-40.23
18560,-39.11
18580,-39.63
18600,-38.58
18620,-40.71
18640,-39.79
18660,-40.87
18680,-37.76
18700,-39.29
18720,-40.14
18740,-41
18760,-38.86
18780,-40.86
18800,-40.87
18820,-39.28
18840,-38.52
18860,-39.49
18880,-38.83
18900,-39.33
18920,-39.43
18940,-39.11
18960,-39.48
18980,-40.47
19000,-40.01
19020,-39.28
19040,-38.49
19060,-39.63
19080,-38.86
19100,-38.44
19120,-39.56
19140,-38.95
19160,-39.68
19180,-39.72
19200,-39.09
19220,-38.56
19240,-37.84
19260,-39.1
19280,-38.89
19300,-38.88
19320,-40.9
19340,-40.47
19360,-39.01
19380,-39.98
19400,-39.96
19420,-41.24
19440,-39.85
19460,-39.2
19480,-40.6
19500,-39.29
19520,-38.59
19540,-40.08
19560,-38.89
19580,-39.36
19600,-38.77
19620,-40.28
19640,-40.49
19660,-40.19
19680,-41.43
19700,-41.12
19720,-39.84
19740,-39.48
19760,-39.68
19780,-40.23
19800,-38.39
19820,-40.11
19840,-39.61
19860,-39.45
19880,-40.91
19900,-40.97
19920,-39.14
19940,-38.73
19960,-39.11
19980,-39.77
20000,-40.38
20020,-40.52
20040,-39.74
20060,-39.06
20080,-39.55
20100,-39.89
20120,-39.55
20140,-41.34
20160,-39.14
20180,-40.77
20200,-38.91
20220,-39.25
20240,-41.04
20260,-41.28
20280,-41.76
20300,-41.81
20320,-39.74
20340,-40.6
20360,-40.81
20380,-41.12
20400,-38.99
20420,-40.93
20440,-38.37
20460,-41.12
20480,-40.9
20500,-39.02
20520,-39.93
20540,-38.57
20560,-38.2
20580,-38.78
20600,-39.16
20620,-38.97
20640,-39.23
20660,-39.67
20680,-39.94
20700,-40.89
20720,-39.3
20740,-40.76
20760,-38.93
20780,-40.39
20800,-39.21
20820,-40.13
20840,-39.82
20860,-38.93
20880,-39.55
20900,-40.85
20920,-41.08
20940,-41.43
20960,-40.99
20980,-40.35
21000,-41.22
21020,-41.26
21040,-39.41
21060,-41.26
21080,-41.26
21100,-42.31
21120,-41.19
21140,-40.94
21160,-40.48
21180,-40.14
21200,-41.08
21220,-41.62
21240,-41.25
21260,-41.55
21280,-41.56
21300,-40.82
21320,-41.64
21340,-41.61
21360,-41.61
21380,-41.88
21400,-41.48
21420,-40.26
21440,-41.6
21460,-41.84
21480,-40.69
21500,-41.99
21520,-40.07
21540,-42.41
21560,-42.14
21580,-40.8
21600,-41.56
21620,-41.04
21640,-42.33
21660,-41.3
21680,-41.26
21700,-40.27
21720,-39.46
21740,-39.99
21760,-40.86
21780,-41.74
21800,-40.93
21820,-40.9
21840,-41.08
21860,-39.47
21880,-41.85
21900,-41.75
21920,-40.15
21940,-40.44
21960,-41.03
21980,-41.47
22000,-40.98
22060,-41.3
22080,-41.02
22100,-40.37
22120,-40.86
22140,-40.33
22160,-40.78
22180,-40.1
22200,-40.14
22220,-40.68
22240,-39.1
22260,-39.56
22280,-40.43
22300,-40.72
22320,-39.96
22340,-41.92
22360,-41.91
22380,-40.93
22400,-40.94
22420,-40.57
22440,-41.33
22460,-41.09
22480,-39.38
22500,-39.46
22520,-39.55
22540,-40.86
22560,-41.13
22580,-40.51
22600,-40.92
22620,-40.86
22640,-40.25
22660,-40.25
22680,-41.72
22700,-40.48
22720,-40.64
22740,-40.55
22760,-41.19
22780,-40.73
22800,-41.18
22820,-40.47
22840,-40.09
22860,-41.02
22880,-41.01
22900,-40.25
22920,-38.99
22940,-38.84
22960,-37.57
22980,-39.9
23000,-39.89
23020,-39.46
23040,-40.09
23060,-40.81
23080,-39.74
23100,-40.9
23120,-40.06
23140,-39.7
23160,-40.17
23180,-40.94
23200,-41.01
23220,-40.09
23240,-39.72
23260,-40.77
23280,-40.82
23300,-39.65
23320,-38.49
23340,-38.73
23360,-37.45
23380,-38.03
23400,-39.5
23420,-38.68
23440,-40.33
23460,-39.4
23480,-41.18
23500,-39.32
23520,-41.39
23540,-41.58
23560,-42.26
23580,-42.05
23600,-40.47
23620,-40.79
23640,-41.59
23660,-42.22
23680,-42.18
23700,-41.54
23720,-40.89
23740,-42.26
23760,-42.26
23780,-42.34
23800,-43.41
23820,-41.33
23840,-40.25
23860,-42.19
23880,-41.19
23900,-42.62
23920,-41.92
23940,-42.45
23960,-41.44
23980,-42.37
24000,-42.54
24020,-42.02
24040,-41.87
24060,-42.23
24080,-43.61
24100,-42.24
24120,-41.01
24140,-42.21
24160,-41.62
24180,-42.27
24200,-42.09
24220,-41.23
24260,-42.58
24280,-42.11
24300,-41.91
24320,-41.12
24340,-41.81
24360,-40.49
24380,-39.23
24400,-41.95
24420,-42.25
24440,-40.47
24460,-40.58
24480,-40.35
24500,-39.21
24520,-39.34
24540,-41.12
24560,-41.25
24580,-41.8
24600,-41.79
24620,-41.73
24640,-41.82
24660,-41.46
24680,-41.72
24700,-42.03
24720,-42.11
24740,-42.32
24760,-41.4
24780,-40.58
24800,-41.94
24820,-42.65
24840,-42.35
24860,-42.88
24880,-43.22
24900,-41.34
24920,-39.68
24940,-41.95
24960,-42.31
24980,-40.32
25000,-38.56
25020,-40.99
25040,-40.34
25060,-40.11
25080,-40.6
25100,-40.66
25120,-40.37
25140,-40.52
25160,-40.7
25180,-41.87
25200,-41.88
25220,-40.89
25240,-43
25260,-40.98
25280,-40.5
25300,-40.54
25320,-42.23
25340,-41.85
25360,-40.57
25380,-41.33
25400,-41.68
25420,-41.27
25440,-41.3
25460,-41.31
25480,-42.47
25500,-40.97
25520,-43.22
25540,-41.55
25560,-42.79
25580,-42.32
25600,-42.79
25620,-43.48
25640,-42.93
25660,-42.82
25680,-43.13
25700,-43.31
25720,-41.59
25740,-41.1
25760,-42.26
25780,-40.86
25800,-42.38
25820,-40.4
25840,-39.28
25860,-43.05
25880,-40.83
25900,-40.92
25920,-40.44
25940,-41.53
25960,-41.84
25980,-42.69
26000,-40.81
26020,-40.96
26040,-41.86
26060,-41.16
26080,-42.88
26100,-40.64
26120,-40.9
26140,-40.5
26160,-39.5
26180,-39.5
26200,-38.76
26220,-40.98
26240,-41.5
26260,-40.55
26280,-41.21
26300,-39.83
26320,-41.22
26340,-40.46
26360,-40.33
26380,-41.15
26400,-41.31
26420,-41.58
26440,-40.86
26460,-40.56
26480,-40.95
26500,-41.21
26520,-41.19
26540,-41.25
26560,-40.56
26580,-40.44
26600,-40.55
26620,-40.63
26640,-41.4
26660,-40.63
26680,-41.41
26700,-42.08
26720,-41.71
26740,-39.98
26760,-41.34
26780,-41.49
26800,-40.39
26820,-41.07
26840,-40.17
26860,-40.63
26880,-39.37
26900,-39.92
26920,-39.54
26940,-40.04
26960,-39.68
26980,-41.04
27000,-41.16
27020,-41.69
27040,-42.37
27060,-40.55
27080,-40.92
27100,-39.75
27120,-40.25
27140,-40.58
27160,-40.61
27180,-39.61
27200,-39.75
27220,-41.26
27240,-42.21
27260,-40.54
27280,-41.46
27300,-41.28
27320,-39.75
27340,-41.06
27360,-42.04
27380,-40.61
27400,-42.6
27420,-42.23
27440,-41.06
27460,-41.15
27580,-39.3
27600,-38.85
27620,-38.5
27640,-38.55
27660,-37.44
27680,-38.45
27700,-38.65
27720,-37.66
27740,-37.45
27760,-37.23
27780,-37.14
27800,-37.41
27820,-37.58
27840,-37.12
27860,-37.6
27880,-39.5
27900,-40.53
27920,-41.38
27940,-40.76
27960,-40.63
27980,-41.05
28000,-40.93
28020,-41.3
28040,-40.62
28060,-39.29
28080,-40.9
28100,-42.47
28120,-41.35
28140,-42.12
28160,-42.71
28180,-41.59
28200,-42.6
28220,-41.39
28240,-40.68
28260,-40.02
28280,-39.93
28300,-41.96
28320,-41.04
28340,-43.12
28360,-41.01
28380,-41.47
28400,-41.32
28420,-42.29
28440,-41.85
28460,-40.09
28480,-41.09
28500,-42.13
28520,-41.35
28540,-42.65
28560,-41.46
28580,-41.76
28600,-40.09
28620,-41.5
28640,-41.14
28660,-41.45
28680,-41.1
28700,-38.74
28720,-38.84
28740,-39.7
28760,-38.03
28780,-37.87
28800,-38.75
28820,-38.49
28840,-37.95
28860,-39.48
28880,-39.31
28900,-37.93
28920,-37.23
28940,-36.93
28960,-37.69
28980,-38.46
29000,-37.21
29020,-38.24
29040,-38.96
29060,-40.16
29080,-40.6
29100,-40.66
29120,-40.39
29140,-40.16
29160,-41.64
29180,-41.86
29200,-41.45
29220,-42.15
29240,-42.66
29260,-41.46
29280,-42.21
29300,-41.68
29320,-40.82
29340,-39.73
29360,-41.29
29380,-41.64
29400,-42.4
29420,-42.59
29440,-41.65
29460,-41.95
29480,-40.36
29500,-40.93
29520,-41.64
29540,-42.55
29560,-41.74
29580,-42.12
29600,-40.23
29620,-42.75
29640,-43.35
29660,-43.77
29680,-43.61
29700,-42.04
29720,-42.62
29740,-43.52
29760,-42.43
29780,-42.76
29800,-41.69
29820,-41.45
29840,-42.17
29860,-41.69
29880,-42.33
29900,-42.68
29920,-42.17
29940,-42.47
29960,-43.45
29980,-42.43
30000,-41.99
30020,-43.25
30040,-42.77
30060,-40.91
30080,-43.43
30100,-42.34
30120,-42.33
30140,-42.77
30160,-42.38
30180,-43.53
30200,-42.72
30220,-43.18
30240,-41.17
30260,-41.33
30280,-42.03
30300,-41.88
30320,-41.45
30340,-41.09
30360,-40.76
30380,-41.7
30400,-42.53
30420,-42.65
30440,-42.98
30460,-41.89
30480,-41.78
30500,-42.51
30520,-41.71
30540,-40.64
30560,-41.55
30580,-41.22
30600,-41.32
30620,-40.8
30640,-41.82
30660,-41.95
30680,-42.39
30700,-40.43
30720,-41.68
30740,-42.15
30760,-43.52
30780,-43.4
30800,-43.14
30820,-41.84
30840,-41.99
30860,-42.56
30880,-43.63
30900,-42.68
30920,-41.96
30940,-42.1
30960,-42.54
30980,-42.58
31000,-42.17
31020,-41.85
31040,-40.06
31060,-41.21
31080,-41.94
31100,-42.52
31120,-42.82
31140,-42.45
31160,-42.71
31180,-42.72
31200,-42.27
31220,-41.97
31240,-40.97
31260,-42.69
31280,-42.1
31300,-42.31
31320,-42.82
31340,-42.77
31360,-41.46
31380,-42.3
31400,-43.21
31420,-43.06
31440,-40.98
31460,-42.24
31480,-42.57
31500,-42.17
31520,-40.98
31540,-42.04
31560,-41.48
31580,-42.57
31600,-42.07
31620,-42.74
31640,-40.9
31660,-40.84
31680,-40.87
31700,-39.74
31720,-41.05
31740,-40.29
31760,-40.08
31780,-39.09
31800,-40.87
31820,-39.24
31840,-39.86
31860,-39.31
31880,-39.59
31900,-39.15
31920,-40.29
31940,-37.85
31960,-39.48
31980,-40.18
32000,-37.7
32020,-39.01
32040,-38.47
32060,-39.48
32080,-38.83
32100,-38.34
32120,-38.8
32140,-37.57
32160,-37.75
32180,-37.92
32200,-38.54
32220,-37.28
32240,-38.32
32260,-38.92
32280,-38.24
32300,-37.64
32320,-38.88
32340,-39.62
32360,-41.13
32380,-41.45
32400,-41.22
32420,-42.65
32440,-40.79
32460,-41.93
32480,-41.82
32500,-41.43
32520,-41.21
32540,-42.12
32560,-44.07
32580,-41.67
32600,-42.12
32620,-42.39
32640,-42.91
32660,-43.56
32680,-42.02
32700,-41.18
32720,-42.5
32740,-42.8
32760,-41.82
32780,-41.89
32800,-43.04
32820,-43.05
32840,-42.76
32860,-41.39
32880,-42.31
32900,-43.1
32920,-42.34
32940,-41.87
32960,-42.76
32980,-43.29
33000,-44.09
33020,-43.34
33040,-42.4
33060,-42.2
33080,-40.5
33100,-40.99
33120,-39.97
33140,-39.95
33160,-39.91
33180,-39.12
33200,-39.51
33220,-39.07
33240,-40
33260,-38.62
33280,-38.98
33300,-38.64
33320,-40.05
33340,-37.99
33360,-37.98
33380,-39.54
33400,-39.25
33420,-38.97
33440,-39.11
33460,-39.24
33480,-38.96
33500,-38.64
33520,-38.12
33540,-37.63
33560,-37.87
33580,-38.1
33600,-38.17
33620,-39.12
33640,-39.62
33660,-41.75
33680,-40.71
33700,-40.15
33720,-41.52
33740,-41.04
33760,-41.14
33780,-41.21
33800,-41.9
33820,-42.38
33840,-40.66
33860,-41.95
33880,-41.22
33900,-42.32
33920,-41.54
33940,-43.33
33960,-40.97
33980,-41.36
34000,-41.78
34020,-40.64
34040,-40.4
34060,-41.35
34080,-42.17
34100,-41.19
34120,-41.5
34140,-42.31
34160,-41.53
34180,-42.75
34200,-41.25
34220,-41.69
34240,-42.86
34260,-41.24
34280,-43.24
34300,-42.34
34320,-41.31
34340,-42.02
34360,-42.38
34380,-41.17
34400,-42.21
34420,-42.25
34440,-41.79
34460,-41.48
34480,-42.26
34500,-41.61
34520,-40.26
34540,-39.66
34560,-38.92
34580,-38.93
34600,-39.78
34620,-39.67
34640,-39.44
34660,-39.81
34680,-39.11
34700,-39.72
34720,-40.28
34740,-39.61
34760,-40.2
34780,-40.57
34800,-40.82
34820,-40.2
34840,-39.01
34860,-38.95
34880,-38.93
34900,-38.72
34920,-39.31
34940,-39.31
34960,-38.07
34980,-38.44
35000,-38.22
35020,-38.94
35040,-37.55
35060,-38.68
35080,-38.71
35100,-39.06
35120,-37.71
35140,-38.67
35160,-38.17
35180,-37.87
35200,-38.48
35220,-38.04
35240,-37.44
35260,-38.79
35280,-38.57
35300,-38.72
35320,-40.32
35340,-41.15
35360,-41.07
35380,-41.78
35400,-41.43
35420,-42.55
35440,-42.75
35460,-40.94
35480,-40.48
35500,-41.43
35520,-42.29
35540,-42.17
35560,-42.27
35580,-42.69
35600,-42.35
35620,-41.61
35640,-41.13
35660,-42.61
35680,-40.75
35700,-41.33
35720,-43.09
35740,-44.65
35760,-43.53
35780,-43.97
35800,-42.63
35820,-40.61
35840,-42.17
35860,-40.98
35880,-42.14
35900,-41.24
35920,-42.27
35940,-41.85
35960,-41.38
35980,-42.1
36000,-42.25
36020,-41.11
36040,-41.95
36060,-42.48
36080,-41.12
36100,-40.66
36120,-41.59
36140,-41.99
36160,-41.77
36180,-41.91
36200,-41.62
36220,-41.1
36240,-40.36
36260,-39.93
36280,-39.32
36300,-39.57
36320,-38.89
36340,-38.93
36360,-40.35
36380,-40.21
36400,-39.15
36420,-39.5
36440,-37.59
36460,-39.33
36480,-40.21
36500,-40.24
36520,-40.15
36540,-40.91
36560,-41.34
36580,-40.68
36600,-39.81
36620,-40.31
36640,-40.72
36660,-40.8
36680,-41.81
36700,-39.81
36720,-39.61
36740,-38.93
36760,-38.75
36780,-40.76
36800,-39.03
36820,-38.63
36840,-38.73
36860,-38.27
36880,-38.66
36900,-38.57
36920,-38.43
36940,-38.16
36960,-40.28
36980,-38.72
37000,-37.73
37020,-38.67
37040,-38.83
37140,-38.74
37160,-39.12
37180,-38.39
37200,-39.02
37220,-37.45
37240,-37.92
37260,-38.44
37280,-38.06
37300,-37.88
37320,-37.8
37340,-38.09
37360,-38.93
37380,-38.97
37400,-38.84
37420,-38.51
37440,-38.03
37460,-37.61
37480,-37.66
37500,-37.7
37520,-38.48
37540,-37.65
37560,-38.23
37580,-38.02
37600,-37.88
37620,-37.64
37640,-37.48
37660,-37.58
37680,-38.08
37700,-36.65
37720,-37.22
37740,-37.37
37760,-38.02
37780,-38.43
37800,-37.7
37820,-37.12
37840,-37.72
37860,-37.1
37880,-38.79
37900,-37.62
37920,-37.32
37940,-38.05
37960,-37.77
37980,-37.61
38000,-36.64
38020,-38.24
38040,-38.18
38060,-37.21
38080,-38.1
38100,-37.52
38120,-37.64
38140,-36.91
38160,-37.15
38180,-37.51
38200,-37.67
38220,-37.2
38240,-37.56
38260,-36.26
38280,-37.56
38300,-37.8
38320,-37.07
38340,-37.09
38360,-36.5
38380,-37.08
38400,-37.5
38420,-38.28
38440,-40.08
38460,-41.78
38480,-41.47
38500,-40.84
38520,-41.52
38540,-40.35
38560,-42.03
38580,-42.21
38600,-40.67
38620,-42.03
38640,-42.39
38660,-40.46
38680,-41.39
38700,-41.03
38720,-41.98
38740,-41.32
38760,-40.61
38780,-41.29
38800,-42.74
38820,-41.45
38840,-39.77
38860,-40.42
38880,-41.81
38900,-41.27
38920,-41.19
38940,-40.26
38960,-41.86
38980,-42.34
39000,-40.87
39020,-40.72
39040,-41.22
39060,-42.49
39080,-40.6
39100,-42.01
39120,-40.99
39140,-40.72
39160,-41.99
39180,-42.6
39200,-41.62
39220,-40.8
39240,-42.26
39260,-41.67
39280,-41.49
39300,-41.34
39320,-40.67
39340,-41
39360,-41.77
39380,-40.3
39400,-40.55
39420,-40.22
39440,-40.35
39460,-41.47
39480,-40.82
39500,-41.35
39520,-42.15
39540,-43.16
39560,-42.78
39580,-41.45
39600,-41.79
39620,-42.65
39640,-41.77
39660,-42.48
39680,-41.82
39700,-41.18
39720,-41.53
39740,-41.28
39760,-41.19
39780,-41.36
39800,-40.9
39820,-42.26
39840,-42.72
39860,-41.46
39880,-41.56
39900,-41.54
39920,-42.5
39940,-41.19
39960,-39.71
39980,-40.69
40000,-42.64
40020,-41.19
40040,-40.44
40060,-41.4
40080,-39.48
40100,-39.41
40120,-39.43
40140,-39.12
40160,-38.32
40180,-38.51
40200,-38.34
40220,-39.29
40240,-40.25
40260,-41.24
40280,-40.14
40300,-40.22
40320,-40.52
40340,-40.47
40360,-40.1
40380,-40.14
40400,-39.87
40420,-40.56
40440,-41.93
40460,-41.02
40480,-41.76
40500,-40.29
40520,-40.03
40540,-41.55
40560,-40.83
40580,-40.7
40600,-41.69
40620,-42.82
40640,-41.9
40660,-40.38
40680,-40.6
40700,-41.48
40720,-40.74
40740,-40.28
40760,-40.13
40780,-39.3
40800,-38.56
40820,-39.06
40840,-38.93
40860,-38.11
40880,-38.66
40900,-38.77
40920,-39.22
40940,-38.87
40960,-39.71
40980,-39.06
41000,-38.73
41020,-39.68
41040,-37.76
41060,-37.95
41080,-38.4
41100,-38.13
41120,-38.07
41140,-37.87
41160,-37.79
41180,-38.64
41200,-40.59
41220,-40.35
41240,-40.79
41260,-41.32
41280,-41.15
41300,-40.85
41320,-41.22
41340,-40.98
41360,-40.82
41380,-41.44
41400,-41.71
41420,-41
41440,-40.99
41460,-41.98
41480,-41.31
41500,-41.57
41520,-41.53
41540,-41.8
41560,-41.58
41580,-41.29
41600,-41.76
41620,-41.88
41640,-40.64
41660,-39.71
41680,-39.39
41700,-39.76
41720,-39.23
41740,-39.11
41760,-40.16
41780,-40.11
41800,-39.6
41820,-39.33
41840,-38.87
41860,-40.28
41880,-39.91
41900,-39.22
41920,-40.25
41940,-39.24
41960,-39.74
41980,-38.83
42000,-38.78
42020,-39.38
42040,-38.58
42060,-38.52
42080,-38.04
42100,-38.87
42120,-38.22
42140,-37.82
42160,-38.12
42180,-38.1
42200,-38.84
42220,-38.88
42240,-38.54
42260,-38.24
42280,-38.17
42300,-37.97
42320,-38.26
42340,-38.41
42360,-38.46
42380,-38.62
42400,-37.62
42420,-37.41
42440,-37.74
42460,-38.78
42480,-38.19
42500,-38.09
42520,-37.97
42540,-37.93
42560,-38.04
42580,-38.61
42600,-41.57
42620,-41.17
42640,-41.59
42660,-41.47
42680,-42.13
42700,-41.88
42720,-41.98
42740,-41.85
42760,-41.28
42780,-42.13
42800,-42.2
42820,-41.88
42840,-42.31
42860,-42.02
42880,-41.25
42900,-39.85
42920,-41.58
42940,-41.83
42960,-41.76
42980,-41.29
43000,-41.16
43020,-41.38
43040,-42.28
43060,-41.23
43080,-40.66
43100,-40.73
43120,-40.95
43140,-41.42
43160,-41.3
43180,-41.72
43200,-41.12
43220,-40.31
43240,-40.15
43260,-39.21
43280,-38.28
43300,-38.44
43320,-38.54
43340,-38.66
43360,-38.45
43380,-39.35
43400,-40.16
43420,-40.88
43440,-40.73
43460,-40.07
43480,-40.01
43500,-38.89
43520,-39.28
43540,-40.05
43560,-39.88
43580,-39.99
43600,-39.53
43620,-39.47
43640,-39.82
43660,-40.33
43680,-39.88
43700,-39.95
43720,-39.85
43740,-39.83
43760,-38.63
43780,-39.33
43800,-39.93
43820,-40.03
43840,-39.17
43860,-39.83
43880,-38.21
43900,-38.59
43920,-38.95
43940,-39.37
43960,-39.68
43980,-38.8
44000,-38.65
44020,-39.01
44040,-39.54
44060,-39.47
44080,-39.58
44100,-39.45
44120,-39.32
44140,-38.69
44160,-38.51
44180,-38.06
44200,-38.68
44220,-38.59
44240,-38.94
44260,-38.95
44280,-37.78
44300,-38.65
44320,-38.57
44340,-38.11
44360,-37.97
44380,-38.06
44400,-38.53
44420,-38.13
44440,-37.31
44460,-37.78
44480,-38.11
44500,-38.67
44520,-38.42
44540,-38.37
44560,-38.29
44580,-38.29
44600,-38.29
44620,-37.79
44640,-38.71
44660,-37.74
44680,-38.02
44700,-37.6
44720,-38.44
44740,-38.39
44760,-37.55
44780,-37.66
44800,-37.28
44820,-37.54
44840,-37.42
44860,-36.79
44880,-37.62
44900,-37.25
44920,-36.88
44940,-36.99
44960,-36.96
44980,-37.17
45000,-37.44
45020,-37.44
45040,-38
45060,-37.85
45080,-36.35
45100,-36.92
45120,-36.87
45140,-36.72
45160,-37.67
45180,-37.29
45200,-36.11
45220,-37.31
45240,-38.16
45260,-37.91
45280,-36.01
45300,-36.84
45320,-36.66
45340,-36.88
45360,-36.68
45380,-36.1
45400,-38.9
45420,-40.22
45440,-41.12
45460,-41.21
45480,-41.15
45500,-41.05
45520,-41.46
45540,-40.33
45560,-40
45580,-41.07
45600,-41.77
45620,-40.95
45640,-40.6
45660,-40.96
45680,-40.42
45700,-40.81
45720,-39.74
45740,-40.08
45760,-40.16
45780,-39.96
45800,-40.77
45820,-40.19
45840,-40.55
45860,-40.07
45880,-40.73
45900,-40.44
45920,-40.45
45940,-40.33
45960,-41.24
45980,-41.18
46000,-41.57
46020,-40.37
46040,-41.47
46060,-41.2
46080,-40.53
46100,-39.88
46120,-40.81
46140,-41.29
46160,-39.9
46180,-40.49
46200,-40.86
46220,-40.31
46240,-41.62
46260,-42.12
46280,-41.33
46300,-40.31
46320,-41.77
46340,-39.8
46360,-40.96
46380,-41.39
46400,-41.52
46420,-40.13
46440,-40.4
46460,-40.21
46480,-40.12
46500,-39.76
46520,-39.22
46540,-39.13
46560,-39.78
46580,-39.81
46600,-39.75
46620,-39.02
46640,-40.12
46660,-38.9
46680,-39.69
46700,-39.73
46720,-38.72
46740,-39.54
46760,-39.43
46780,-39.37
46800,-39.24
46820,-39.76
46840,-39.42
46860,-38.1
46880,-38.3
46900,-38.43
46920,-38.26
46940,-37.8
46960,-38.57
46980,-38.2
47000,-38.47
47020,-38.94
47040,-40.61
47060,-39.38
47080,-38.99
47100,-39.33
47120,-39.08
47140,-38.16
47160,-38.52
47180,-38.51
47200,-38.14
47220,-38.21
47240,-40.09
47260,-41.27
47280,-40.7
47300,-40.53
47320,-40.72
47340,-40.1
47360,-39.97
47380,-40.62
47400,-39.53
47420,-40.75
47440,-40.06
47460,-39.44
47480,-38.63
47500,-38.75
47520,-38.95
47540,-38.66
47560,-39.16
47580,-39.27
47600,-39.11
47620,-39.95
47640,-39.91
47660,-38.81
47680,-39.36
47700,-40.39
47720,-39.76
47740,-40.28
47760,-39.38
47780,-39.62
47800,-39.72
47820,-39.05
47840,-38.8
47860,-39.69
47880,-39.07
47900,-40.04
47920,-39.96
47940,-39.9
47960,-39.07
47980,-39.74
48000,-39.48
48020,-39.4
48040,-39.1
48060,-39.27
48080,-38.49
48100,-39.39
48120,-40.22
48140,-39.68
48160,-39.77
48180,-38.97
48200,-39.38
48220,-39.79
48240,-38.21
48260,-39.28
48280,-38.53
48300,-39.18
48320,-39.11
48340,-39.29
48360,-38.41
48380,-39.53
48400,-39.42
48420,-38.98
48440,-39.75
48460,-40.25
48480,-40.14
48500,-39.75
48520,-38.5
48540,-38.76
48560,-38.88
48580,-40.36
48600,-39.3
48620,-38.36
48640,-40.38
48660,-39.61
48680,-40.01
48700,-39.06
48720,-38.97
48740,-39.61
48760,-39.31
48780,-38.92
48800,-39.02
48820,-39.2
48840,-38.41
48860,-38.87
48880,-39.34
48900,-38.23
48920,-38.28
48940,-38.64
48960,-38.91
48980,-39.47
49000,-39.44
49020,-38.83
49040,-38.6
49060,-39.16
49080,-39.61
49100,-38.79
49120,-39.39
49140,-40.07
49160,-39.44
49180,-39.06
49200,-39.18
49220,-38.67
49240,-38.45
49260,-38
49280,-37.6
49300,-37.54
49320,-38.53
49340,-38.6
49360,-39.35
49380,-38.97
49400,-38.9
49420,-38.78
49440,-37.99
49460,-37.93
49480,-37.98
49500,-38.57
49520,-38.52
49540,-38.36
49560,-38.66
49580,-38.82
49600,-38
49620,-38.13
49640,-37.66
49660,-37.91
49680,-38.31
49700,-38.55
49720,-37.81
49740,-37.8
49760,-37.87
49780,-38.17
49800,-37.99
49820,-38.03
49840,-37.18
49860,-38.32
49880,-38.7
49900,-37.94
49920,-37.94
49940,-38.22
49960,-38.4
49980,-37.28
50000,-37.46
50020,-38.01
50040,-38.23
50060,-38.4
50080,-37.94
50100,-37.94
50120,-38.03
50140,-38.04
50160,-38.02
50180,-37.99
50200,-37.99
50220,-39.42
50240,-39.43
50260,-38.69
50280,-38.11
50300,-38.07
50320,-38.31
50340,-39.04
50360,-38.69
50380,-37.05
50400,-37.3
50420,-38.64
50440,-38.24
50460,-37.92
50480,-37.78
50500,-37.73
50520,-37.52
50540,-36.71
50560,-36.73
50580,-36.61
50600,-37.52
50620,-37.43
50640,-37.44
50660,-36.96
50680,-37.54
50700,-37.73
50720,-37.15
50740,-38.1
50760,-37.9
50780,-37.74
50800,-37.68
50820,-37.35
50840,-37.91
50860,-38.21
50880,-37.58
50900,-37.59
50920,-37.81
50940,-37.21
50960,-38.15
50980,-37.82
51000,-38.13
51020,-37.7
51040,-37.9
51060,-38.21
51080,-37.71
51100,-37.24
51120,-36.79
51140,-37.48
51160,-37.03
51180,-37.86
51200,-36.38
51220,-36.57
51240,-37.89
51260,-36.85
51280,-36.83
51300,-37.6
51320,-36.85
51340,-36.25
51360,-37.27
51380,-37.04
51400,-37.07
51420,-37.23
51440,-36.98
51460,-36.65
51480,-37.44
51500,-37.42
51520,-36.76
51540,-38.02
51560,-38.19
51580,-37.44
51600,-37.75
51620,-37.27
51640,-37.23
51660,-37.3
51680,-36.98
51700,-36.74
51720,-36.4
51740,-35.81
51760,-36.61
51780,-36.79
51800,-37.16
51820,-37.53
51840,-35.9
51860,-37.82
51880,-37.69
51900,-38.13
51920,-38.12
51940,-37.14
51960,-37.21
51980,-36.65
52000,-37.55
52020,-36.8
52040,-37.78
52060,-37.21
52080,-36.95
52100,-36.33
52120,-38.24
52140,-37.4
52160,-36.27
52180,-36.04
52200,-37.35
52220,-38.95
52240,-39.56
52260,-41.08
52280,-41.17
52300,-40.53
52320,-40.94
52340,-40.93
52360,-39.93
52380,-39.71
52400,-40.36
52420,-40.82
52440,-40.36
52460,-39.3
52480,-39.59
52500,-40.98
52520,-40.85
52540,-40.3
52560,-40.98
52580,-40.89
52600,-39.95
52620,-39.9
52640,-39.87
52660,-40.17
52680,-40.56
52700,-40.06
52720,-39.57
52740,-39.11
52760,-38.86
52780,-38.2
52800,-36.99
52820,-36.59
52840,-36.07
52860,-36.13
52880,-38.09
52900,-39.78
52920,-40.08
52940,-39.99
52960,-40.06
52980,-41.37
53000,-40.34
53020,-40.01
53040,-40.65
53060,-40.13
53080,-40.01
53100,-40.05
53120,-40.89
53140,-41.67
53160,-41.79
53180,-41.34
53200,-39.18
53220,-40.39
53240,-41.35
53260,-39.9
53280,-39.65
53300,-38.46
53320,-36.52
53340,-36.19
53360,-37.08
53380,-37.64
53400,-37.37
53420,-36.8
53440,-36.91
53460,-37.27
53480,-38.16
53500,-37.71
53520,-37.46
53540,-37.45
53560,-37.58
53580,-37.63
53600,-37.6
53620,-36.76
53640,-36.87
53660,-37.25
53680,-38.01
53700,-37.62
53720,-37.69
53740,-37.77
53760,-37.68
53780,-37.91
53800,-37.84
53820,-37.57
53840,-36.64
53860,-36.94
53880,-37.44
53900,-38.54
53920,-39.16
53940,-39.68
53960,-40.25
53980,-41.68
54000,-41.43
54020,-41.01
54040,-40.18
54060,-39.32
54080,-40.09
54100,-41.09
54120,-40.27
54140,-40.19
54160,-39.97
54180,-39.54
54200,-39.79
54220,-40
54240,-40.17
54260,-40.23
54280,-39.74
54300,-39.75
54320,-40.08
54340,-38.91
54360,-39.87
54380,-40.39
54400,-40.38
54420,-39.88
54440,-41.18
54460,-40.12
54480,-39.55
54500,-39.74
54520,-39.04
54540,-39.44
54560,-39.7
54580,-39.95
54600,-40.19
54620,-38.78
54640,-39.54
54660,-39.64
54680,-39.53
54700,-39.58
54720,-39.65
54740,-38.29
54760,-38.1
54780,-38.51
54800,-38
54820,-37.76
54840,-38.54
54860,-38.57
54880,-37.83
54900,-37.73
54920,-38.2
54940,-37.95
54960,-37.81
54980,-38.11
55000,-38.9
55020,-38.11
55040,-37.72
55060,-37.79
55080,-38.84
55100,-38.93
55120,-39.21
55140,-39.36
55160,-39.29
55180,-38.78
55200,-38.92
55220,-38.89
55240,-38.76
55260,-38.59
55280,-38.68
55300,-39.07
55320,-39.45
55340,-39.68
55360,-39.64
55380,-39.01
55400,-38.66
55420,-38.44
55440,-38.33
55460,-38.34
55480,-38.16
55500,-39.29
55520,-39.48
55540,-39
55560,-38.29
55580,-37.72
55600,-39.08
55620,-39.21
55640,-38.97
55660,-38.72
55680,-37.78
55700,-37.66
55720,-38.7
55740,-38.51
55760,-37.9
55780,-38.48
55800,-38.74
55820,-39.52
55840,-37.77
55860,-37.96
55880,-38.21
55900,-38.61
55920,-38.58
55940,-38.51
55960,-38.34
55980,-37.64
56000,-38.07
56020,-39.66
56040,-38.52
56060,-38.24
56080,-37.94
56100,-37.25
56120,-36.61
56140,-36.96
56160,-37.59
56180,-37.72
56200,-37.86
56220,-37.94
56240,-37.81
56260,-37.54
56280,-37.47
56300,-37.18
56320,-36.75
56340,-37.13
56360,-37.39
56380,-36.81
56400,-36.82
56420,-37.7
56440,-36.6
56460,-37.99
56480,-37.22
56500,-37.37
56520,-38.56
56540,-38.24
56560,-37.42
56580,-36.94
56600,-36.85
56620,-36.84
56640,-37.08
56660,-38.45
56680,-39.92
56700,-39.34
56720,-40.5
56740,-39.27
56760,-38.47
56780,-39.23
56800,-38.74
56820,-36.9
56840,-36.01
56860,-36.48
56880,-36.51
56900,-35.95
56920,-37.67
56940,-38.97
56960,-41.44
56980,-41.23
57000,-40.68
57020,-40.19
57040,-40.45
57060,-40.23
57080,-40.27
57100,-40.48
57120,-40.28
57140,-40.22
57160,-39.56
57180,-39.58
57200,-40.14
57220,-38.89
57240,-38.28
57260,-38.54
57280,-37.54
57300,-36.87
57320,-37.06
57340,-37.77
57360,-38.16
57380,-37.24
57400,-37.41
57420,-36.05
57440,-37.07
57460,-37.86
57480,-38.04
57500,-38.74
57520,-38.89
57540,-39.17
57560,-38.09
57580,-36.84
57600,-37.67
57620,-37.17
57640,-37.51
57660,-36.63
57680,-36.55
57700,-36.7
57720,-36.78
57740,-36.6
57760,-36.56
57780,-36.82
57800,-37.19
57820,-37.22
57840,-35.97
57860,-36.48
57880,-37.21
57900,-38.73
57920,-40.51
57940,-40.39
57960,-40.19
57980,-40.07
58000,-40.73
58020,-41.05
58040,-40.53
58060,-40.04
58080,-40.63
58100,-38.63
58120,-38.67
58140,-38.35
58160,-36.45
58180,-36.15
58200,-36.29
58220,-36.72
58240,-36.13
58260,-35.93
58280,-36.75
58300,-35.94
58320,-38.77
58340,-39.66
58360,-40.5
58380,-40.7
58400,-39.87
58420,-40.99
58440,-41.56
58460,-41.08
58480,-40.96
58500,-40.9
58520,-40.33
58540,-39.87
58560,-41.53
58580,-40.83
58600,-40.28
58620,-40.77
58640,-42.39
58660,-42.02
58680,-41.16
58700,-41.62
58720,-41.56
58740,-40.93
58760,-40.55
58780,-41.29
58800,-41.63
58820,-41.48
58840,-41.46
58860,-41.72
58880,-42.02
58900,-41.45
58920,-40.59
58940,-40.33
58960,-40.31
58980,-40.34
59000,-40.43
59020,-40.21
59040,-40.67
59060,-40.66
59080,-39.43
59100,-41.09
59120,-40.48
59140,-40.29
59160,-40.42
59180,-40.13
59200,-39.73
59220,-40.31
59240,-40.82
59260,-40.73
59280,-40.93
59300,-40.72
59320,-40.87
59340,-41.19
59360,-40.97
59380,-41.56
59400,-41.28
59420,-40.8
59440,-40.34
59460,-41.02
59480,-41.02
59500,-41.03
59520,-41.08
59540,-41.26
59560,-41.85
59580,-41
59600,-40.67
59620,-41.79
59640,-40.67
59660,-39.94
59680,-39.79
59700,-40.03
59720,-39.8
59740,-41.87
59760,-41.77
59780,-41.29
59800,-40.94
59820,-39.98
59840,-40.62
59860,-41.29
59880,-41.57
59900,-39.92
59920,-40.84
59940,-40.94
59960,-40.51
59980,-39.53
60000,-42.66
60020,-41.76
60040,-41.33
60060,-41.27
60080,-41.53
60100,-41.5
60120,-40.93
60140,-40.9
60160,-41.85
60180,-39.9
60200,-39.9
60220,-40.35
60240,-40.97
60260,-41.19
60280,-40.65
60300,-40.94
60320,-41.71
60340,-40.91
60360,-41.16
60380,-41.35
60400,-41.48
60420,-40.83
60440,-40.68
60460,-40.72
60480,-41.81
60500,-41.66
60520,-41.82
60540,-42.41
60560,-42.09
60580,-41.87
60600,-41.75
60620,-42.19
60640,-41.7
60660,-41.44
60680,-41.28
60700,-42.13
60720,-41.74
60740,-41.65
60760,-42.65
60780,-41.55
60800,-41.53
60820,-41.89
60840,-41.34
60860,-40.99
60880,-40.92
60900,-41.32
60920,-41.72
60940,-41.6
60960,-41.39
60980,-41.42
61000,-42.06
61020,-42.05
61040,-41.44
61060,-41.28
61080,-41.69
61100,-42.07
61150,-41.54
61200,-41.1
61250,-41.55
61300,-40.76
61350,-40.75
61400,-41.44
61450,-41.25
61500,-40.11
61550,-40.81
61600,-40.92
61650,-41.38
61700,-41.09
61750,-40.56
61800,-38.1
61850,-38.36
61900,-38.1
61950,-38.2
62000,-37.9
62050,-38.72
62100,-41.05
62150,-41.97
62200,-41.83
62250,-41.18
62300,-41.87
62350,-41.21
62400,-41.27
62450,-40.84
62500,-41.06
62550,-40.54
62600,-41.51
62650,-40.84
62700,-40.54
62750,-41.82
62800,-42.05
62850,-41.25
62900,-42.2
62950,-42.6
63000,-41.44
63050,-41.43
63100,-42.18
63150,-42.18
63200,-41.83
63250,-41.35
63300,-42.19
63350,-40.86
63400,-40.63
63450,-41.75
63500,-41.17
63550,-40.98
63600,-41.11
63650,-40.67
63700,-41.55
63750,-41.66
63800,-41.99
63850,-40.78
63900,-41.62
63950,-41.14
64000,-41.18
64050,-40.76
64100,-41.51
64150,-40.83
64200,-41.71
64250,-42.49
64300,-41.92
64350,-42
64400,-42.32
64450,-41.6
64500,-41.94
64550,-42.82
64600,-41.76
64650,-41.89
64700,-42.37
64750,-43.33
64800,-41.97
64850,-41.55
64900,-41.33
64950,-42.56
65000,-42.41
65050,-41.88
65100,-41.93
65150,-42.44
65200,-41.02
65250,-40.89
65300,-42
65350,-42.17
65400,-40.81
65450,-42.22
65500,-41.36
65550,-41.27
65600,-40.95
65650,-40.28
65700,-39.31
65750,-38.62
65800,-38.39
65850,-37.77
65900,-38.74
65950,-41.51
66000,-43.08
66050,-42.24
66100,-41.83
66150,-43.41
66200,-42.6
66250,-41.8
66300,-41.49
66350,-41.37
66400,-41.85
66450,-41.42
66500,-40.5
66550,-40.65
66600,-40.21
66650,-40.22
66700,-40.27
66750,-40.79
66800,-39.72
66850,-40.01
66900,-39.53
66950,-37.44
67000,-38.38
67050,-37.91
67100,-38
67150,-38.2
67200,-38.19
67250,-38.2
67300,-38.1
67350,-38.4
67400,-37.87
67450,-38.07
67500,-37.94
67550,-38.84
67600,-37.79
67650,-37.48
67700,-37.77
67750,-37.97
67800,-38.35
67850,-37.73
67900,-37.34
67950,-38.15
68000,-37.34
68050,-37.22
68100,-36.89
68150,-37.33
68200,-37.39
68250,-37.25
68300,-37.54
68350,-36.97
68400,-36.24
68450,-36.68
68500,-36.91
68550,-36.39
68600,-35.3
68650,-36.59
68700,-36.9
68750,-36.09
68800,-38.99
68850,-42.14
68900,-42.56
68950,-42.65
69000,-43.04
69050,-43.3
69100,-43.51
69150,-41.89
69200,-42.25
69250,-42.77
69300,-42.05
69350,-42.03
69400,-42.66
69450,-43.65
69500,-43.22
69550,-43.26
69600,-42.82
69650,-43.38
69700,-43.63
69750,-42.81
69800,-43.07
69850,-42.4
69900,-40.89
69950,-40.82
70000,-39.84
70050,-38.65
70100,-39.18
70150,-39.76
70200,-39.46
70250,-39.26
70300,-39.25
70350,-38.98
70400,-39.11
70450,-39.34
70500,-39.7
70550,-38.76
70600,-38.97
70650,-38.85
70700,-38.96
70750,-38.6
70800,-38.4
70850,-38.37
70900,-38.24
70950,-38.45
71000,-38.3
71050,-37.8
71100,-38.75
71150,-38.38
71200,-38.78
71250,-37.92
71300,-37.79
71350,-38.1
71400,-38.4
71450,-37.95
71500,-38.05
71550,-38.18
71600,-37.82
71650,-38.1
71700,-38.13
71750,-37.49
71800,-37.31
71850,-37.89
71900,-37.08
71950,-37.08
72000,-37.01
72050,-36.97
72100,-37.2
72150,-37.32
72200,-37.32
72250,-37.33
72300,-37.46
72350,-37.45
72400,-37.32
72450,-37
72500,-36.91
72550,-36.76
72600,-36.39
72650,-36.81
72700,-37.11
72750,-36.77
72800,-36.77
72850,-36.63
72900,-36.68
72950,-36.37
73000,-36.79
73050,-37.3
73100,-40.07
73150,-41.91
73200,-41.54
73250,-41.78
73300,-41.35
73350,-41.13
73400,-41.43
73450,-42.6
73500,-42.32
73550,-41.06
73600,-42.1
73650,-41.91
73700,-41.38
73750,-41.83
73800,-41.91
73850,-42.21
73900,-42.48
73950,-41.78
74000,-40.83
74050,-40.25
74100,-40.07
74150,-38.86
74200,-39.23
74250,-38.65
74300,-38.66
74350,-38.52
74400,-38.62
74450,-38.69
74500,-38.54
74550,-39.51
74600,-40
74650,-40.17
74700,-39.47
74750,-39.86
74800,-39.68
74850,-39.29
74900,-39.23
74950,-38.99
75000,-39.25
75050,-39.35
75100,-39.01
75150,-38.99
75200,-38.68
75250,-38.98
75300,-37.84
75350,-38.17
75400,-38.07
75450,-38.31
75500,-38.48
75550,-37.95
75600,-38.19
75650,-38.25
75700,-38.61
75750,-38.17
75800,-38.53
75850,-37.75
75900,-37.2
75950,-37.99
76000,-39.09
76050,-38.92
76100,-38.79
76150,-39.35
76200,-38.78
76250,-38.64
76300,-38.71
76350,-39.36
76400,-38.96
76450,-38.55
76500,-38.7
76550,-39.42
76600,-38.67
76650,-38.19
76700,-38.79
76750,-38.36
76800,-38.29
76850,-38.35
76900,-38.55
76950,-37.91
77000,-38.08
77050,-38.73
77100,-38.71
77150,-37.99
77200,-37.88
77250,-38.66
77300,-38.4
77350,-38.09
77400,-37.83
77450,-38.04
77500,-37.95
77550,-38.34
77600,-38.06
77650,-37.79
77700,-38.19
77750,-38.16
77800,-37.79
77850,-38.07
77900,-37.33
77950,-37.69
78000,-38.03
78050,-37.44
78100,-37.45
78150,-38.27
78200,-37.74
78250,-37.78
78300,-37.37
78350,-36.86
78400,-37.19
78450,-37.62
78500,-37.24
78550,-37.27
78600,-37.46
78650,-37.1
78700,-37.56
78750,-37
78800,-37.4
78850,-37.2
78900,-37.03
78950,-36.95
79000,-36.76
79050,-37.28
79100,-36.73
79150,-36.45
79200,-36.85
79250,-36.73
79300,-36.54
79350,-37.03
79400,-37.03
79450,-36.99
79500,-36.56
79550,-36.5
79600,-36.99
79650,-37.18
79700,-37.05
79750,-36.84
79800,-36.69
79850,-36.83
79900,-36.84
79950,-37.41
80000,-37.31
80050,-37.54
80100,-37.1
80150,-36.99
80200,-37.28
80250,-37.08
80300,-37.33
80350,-36.75
80400,-36.19
80450,-37.07
80500,-37.03
80550,-36.81
80600,-36.36
80650,-37.55
80700,-36.88
80750,-36.65
80800,-37.02
80850,-37
80900,-37.21
80950,-36.87
81000,-36.73
81050,-36
81100,-35.9
81150,-35.91
81200,-36.4
81250,-36.57
81300,-36.67
81350,-37.2
81400,-36.8
81450,-36.9
81500,-37.03
81550,-36.58
81600,-36.82
81650,-37.3
81700,-36.88
81750,-36.86
81800,-36.53
81850,-35.52
81900,-36.45
81950,-36.32
82000,-36.22
82050,-36.21
82100,-36.12
82150,-36.01
82200,-36.66
82250,-36.5
82300,-37.03
82350,-37.03
82400,-36.69
82450,-36.93
82500,-36.5
82550,-36.38
82600,-36.35
82650,-36.31
82700,-36.61
82750,-36.27
82800,-36.62
82850,-36.51
82900,-36.6
82950,-37.57
83000,-36.72
83050,-36.46
83100,-36.78
83150,-36.84
83200,-36.57
83250,-36.35
83300,-36.54
83350,-36.14
83400,-35.93
83450,-36.12
83500,-36.05
83550,-36.18
83600,-35.73
83650,-35.73
83700,-36.01
83750,-35.7
83800,-35.65
83850,-34.92
83900,-35.18
83950,-35.92
84000,-37.44
84050,-38.57
84100,-38.07
84150,-38.89
84200,-38.97
84250,-38.75
84300,-38.45
84350,-38.45
84400,-36.56
84450,-36.04
84500,-37.57
84550,-38.72
84600,-38.97
84650,-38.8
84700,-38.77
84750,-38.45
84800,-38.37
84850,-38.55
84900,-38.67
84950,-38.52
85000,-38.98
85050,-38.62
85100,-38.95
85150,-39.28
85200,-39.57
85250,-39
85300,-39.12
85350,-39.29
85400,-39.07
85450,-38.33
85500,-39.2
85550,-39.79
85600,-39.11
85650,-39.33
85700,-39.41
85750,-39.08
85800,-39.61
85850,-39.83
85900,-39.69
85950,-39.62
86000,-39.62
86050,-39.65
86100,-39.69
86150,-40.26
86200,-39.73
86250,-40.1
86300,-39.95
86350,-39.71
86400,-40.28
86450,-39.65
86500,-40.82
86550,-40.42
86600,-40.41
86650,-40.4
86700,-40.91
86750,-40.91
86800,-40.36
86850,-42.12
86900,-40.15
86950,-39.08
87000,-39.6
87050,-40.46
87100,-40.22
87150,-39.97
87200,-40.04
87250,-40.05
87300,-39.85
87350,-40.05
87400,-38.93
87450,-38.23
87500,-37.9
87550,-38.28
87600,-38.62
87650,-38.95
87700,-39.58
87750,-39.48
87800,-39.01
87850,-38.1
87900,-38.21
87950,-38.41
88000,-38.37
88050,-38.5
88100,-38.51
88150,-38
88200,-37.67
88250,-37.7
88300,-38.04
88350,-37.77
88400,-37.92
88450,-38.3
88500,-38.11
88550,-38.23
88600,-38.01
88650,-38.25
88700,-38.38
88750,-38.9
88800,-38.74
88850,-38.85
88900,-38.43
88950,-37.91
89000,-38.15
89050,-37.77
89100,-37.78
89150,-37.96
89200,-38.24
89250,-38.08
89300,-38.1
89350,-38.1
89400,-37.21
89450,-37.39
89500,-37.42
89550,-37.77
89600,-37.68
89650,-37.81
89700,-37.79
89750,-37.69
89800,-37.52
89850,-37.52
89900,-37.78
89950,-38.12
90000,-38.05
90050,-38.6
90100,-38.42
90150,-38.15
90200,-37.93
90250,-39.42
90300,-39.64
90350,-38.84
90400,-39.3
90450,-39.08
90500,-39.04
90550,-39.02
90600,-38.88
90650,-38.9
90700,-38.81
90750,-39.1
90800,-39.79
90850,-39.47
90900,-39.39
90950,-38.89
91000,-39.17
91050,-39.12
91100,-38.76
91150,-39.29
91200,-39.7
91250,-39.35
91300,-39.35
91350,-38.78
91400,-39.45
91450,-39.42
91500,-39.66
91550,-39.58
91600,-38.98
91650,-39.35
91700,-39.92
91750,-39.68
91800,-39.6
91850,-39.71
91900,-40.06
91950,-38.62
92000,-39.12
92050,-39.7
92100,-39.31
92150,-39.11
92200,-40.4
92250,-39.35
92300,-38.87
92350,-39.82
92400,-39.02
92450,-39.53
92500,-39.75
92550,-38.67
92600,-39.09
92650,-39.03
92700,-39.51
92750,-38.97
92800,-39.4
92850,-39.5
92900,-39.56
92950,-39.6
93000,-39.9
93050,-39.51
93100,-40.29
93150,-40.32
93200,-39.35
93250,-39.36
93300,-39.86
93350,-39.46
93400,-39.13
93450,-39.36
93500,-39.21
93550,-39.31
93600,-39.41
93650,-39.49
93700,-39.35
93750,-39.31
93800,-38.98
93850,-38.72
93900,-39.29
93950,-39.04
94000,-39.58
94050,-39.2
94100,-39.29
94150,-38.66
94200,-39.12
94250,-39.26
94300,-39.25
94350,-39.31
94400,-39
94450,-39.34
94500,-39.37
94550,-38.54
94600,-38.74
94650,-38.87
94700,-38.83
94750,-38.5
94800,-38.65
94850,-38.91
94900,-39.2
94950,-39.21
95000,-39.22
95050,-38.68
95100,-38.97
95150,-38.75
95200,-38.42
95250,-38.52
95300,-38.63
95350,-38.73
95400,-38.91
95450,-38.82
95500,-38.63
95550,-38.63
95600,-38.5
95650,-38.68
95700,-38.9
95750,-38.9
95800,-38.88
95850,-38.83
95900,-38.53
95950,-38.32
96000,-38.9
96050,-39.32
96100,-38.77
96150,-38.79
96200,-38.87
96250,-38.87
96300,-38.97
96350,-38.78
96400,-38.16
96450,-38.47
96500,-38.57
96550,-38.51
96600,-38.68
96650,-38.3
96700,-38.16
96750,-38.24
96800,-38.34
96850,-38.36
96900,-38.32
96950,-37.97
97000,-38.21
97050,-38.25
97100,-38.15
97150,-37.75
97200,-37.84
97250,-38.13
97300,-37.83
97350,-38.24
97400,-37.95
97450,-38.2
97500,-37.31
97550,-38.09
97600,-37.59
97650,-37.89
97700,-37.32
97750,-37.43
97800,-37.49
97850,-37.92
97900,-38.11
97950,-37.73
98000,-37.49
98050,-37.9
98100,-37.67
98150,-37.59
98200,-37.85
98250,-37.75
98300,-37.42
98350,-37.37
98400,-37.31
98450,-37.23
98500,-37.24
98550,-37.18
98600,-37.31
98650,-37.2
98700,-36.99
98750,-37.05
98800,-37.03
98850,-37.29
98900,-37.25
98950,-36.92
99000,-37.08
99050,-36.86
99100,-37.14
99150,-37.34
99200,-37.3
99250,-37.09
99300,-37.28
99350,-36.63
99400,-36.69
99450,-36.76
99500,-36.77
99550,-36.58
99600,-36.76
99650,-36.63
99700,-36.5
99750,-36.55
99800,-36.36
99850,-36.79
99900,-36.73
99950,-36.48
100000,-36.59
100050,-36.33